{
  "name": "jquery",
  "main": "dist/jquery.js",
  "license": "MIT",
  "ignore": [
    "package.json"
  ],
  "keywords": [
    "jquery",
    "javascript",
    "browser",
    "library"
  ],
  "homepage": "https://github.com/jquery/jquery-dist",
  "version": "1.12.4",
  "_release": "1.12.4",
  "_resolution": {
    "type": "version",
    "tag": "1.12.4",
    "commit": "5e89585e0121e72ff47de177c5ef604f3089a53d"
  },
  "_source": "https://github.com/jquery/jquery-dist.git",
  "_target": "^1.7.2",
  "_originalSource": "jquery"
}